author_id,name,country,birth_year
1,Olga Brooks,KR,1956
2,Ben Nakamura,MX,1979
3,Quincy Ferreira,DE,1979
4,Quincy Yamamoto,DE,1933
5,Luca Chen,IT,1984
6,Hiro Silva,AR,1943
7,Cyrus Quiroga,DE,1977
8,Hiro Ferreira,PL,1933
9,Fatima Espinoza,ES,1969
10,Carla Jensen,JP,1979
11,Alice Moreno,CL,1949
12,Arturo Petrov,IN,1961
13,Alice Silva,AU,1970
14,Noah Espinoza,BR,1957
15,Hiro Jensen,MX,1978
16,Carla Gupta,DE,1930
17,Noah Chen,DE,1945
18,Ben Brooks,CA,1965
19,Yusuf Chen,FR,1992
20,Elena Gupta,FR,1985
21,Quincy Hassan,AR,2000
22,Arturo Kowalski,AR,1997
23,Olga Hassan,ES,1946
24,Tara Silva,ES,1988
25,Yusuf Vargas,CL,1942
26,Fatima Rossi,PL,1973
27,Ines Ueda,,1989
28,Rosa Jensen,IT,1955
29,Pablo Espinoza,IN,1944
30,Ben Wagner,IN,1970
31,Ben Moreno,PL,1972
32,Tara Vargas,IT,1983
33,Zara Nakamura,DE,1995
34,Ines Silva,,1962
35,Uma Hassan,FR,1958
36,Olga Ueda,SE,1932
37,Eero Davidson,SE,1920
38,Wei Silva,BR,1966
39,Uma Moreno,FR,1986
40,Eero Yamamoto,FR,1986
41,Bianca Wagner,IT,1970
42,Sven Chen,IN,1975
43,Fatima Vargas,BR,1947
44,Zara Ivanov,BR,1965
45,Dania Larsen,NL,1930
46,Ines Jensen,IN,1986
47,Cyrus Tanaka,AR,1968
48,Bianca Nakamura,DE,1930
49,Pablo Okafor,BR,1985
50,Eero Rossi,MX,1921
51,Yusuf Tanaka,AU,1991
52,Wei Silva,US,1950
53,Noah Ivanov,FR,1961
54,Elena Brooks,FR,1927
55,Ben Rossi,US,1961
56,Cyrus Zhang,IN,1987
57,Luca Quiroga,CL,1941
58,Alice Ivanov,PL,1990
59,Tara Tanaka,JP,1941
60,Quincy Quiroga,KR,1982
61,Uma Chen,US,1996
62,Ines Wagner,NL,2000
63,Cyrus Larsen,NL,1941
64,Arturo Rossi,CA,1981
65,Jonas Ivanov,GB,1996
66,Uma Zhang,IN,1964
67,Uma Chen,IN,1929
68,Hiro Espinoza,FR,1979
69,Elena Vargas,GB,1961
70,Uma Jensen,KR,1972
71,Dania Moreno,GB,1933
72,Wei Rossi,GB,1967
73,Victor Xu,FR,1964
74,Quincy Jensen,MX,1966
75,Arturo Ivanov,GB,1944
76,Ines Jensen,US,1994
77,Jonas Rossi,NL,1984
78,Daniel Wagner,SE,1957
79,Alice Yamamoto,IT,1987
80,Zara Hassan,,1968
81,Uma Wagner,KR,1992
82,Cyrus Yamamoto,CA,1991
83,Greta Wagner,AR,1991
84,Daniel Petrov,,1933
85,Rosa Quiroga,SE,1943
86,Eero Kowalski,PL,1971
87,Daniel Xu,AU,1973
88,Yusuf Rossi,CL,1953
89,Hiro Jensen,CL,1930
90,Fatima Rossi,SE,1983
91,Ben Ferreira,CL,1991
92,Olga Yamamoto,JP,1933
93,Farid Kowalski,JP,1997
94,Ben Wagner,BR,1982
95,Eero Ivanov,ES,1929
96,Victor Alvarez,GB,1936
97,Alice Gupta,AR,1956
98,Elena Moreno,ES,1946
99,Maya Brooks,PL,1954
100,Yusuf Jensen,CA,1991
101,Maya Espinoza,DE,1967
102,Olga Vargas,FR,1995
103,Ines Ueda,US,1975
104,Elena Petrov,CA,1952
105,Uma Alvarez,BR,1985
106,Dania Chen,GB,1986
107,Arturo Yamamoto,CA,1996
108,Greta Zhang,MX,1920
109,Maya Petrov,FR,1978
110,Farid Zhang,SE,1922
111,Uma Alvarez,NL,1958
112,Wei Ueda,ES,1942
113,Elena Okafor,GB,1937
114,Maya Moreno,IN,1984
115,Rosa Hassan,IT,1924
116,Ines Nakamura,PL,1933
117,Zara Zhang,US,1954
118,Bianca Davidson,IN,1965
119,Bianca Wagner,CL,1956
120,Tara Alvarez,DE,1943
121,Cyrus Yamamoto,PL,1954
122,Rosa Nakamura,AR,1944
123,Noah Brooks,SE,1997
124,Daniel Petrov,CL,1955
125,Daniel Xu,JP,1972
126,Wei Ivanov,GB,1930
127,Daniel Hassan,KR,1988
128,Uma Okafor,KR,1921
129,Uma Okafor,JP,1942
130,Yusuf Alvarez,NL,1935
131,Farid Vargas,US,1933
132,Olga Gupta,GB,1975
133,Greta Okafor,GB,1978
134,Arturo Okafor,ES,1947
135,Ben Vargas,KR,1969
136,Sven Yamamoto,IT,1949
137,Jonas Nakamura,JP,1992
138,Zara Alvarez,IN,1974
139,Ines Gupta,US,1945
140,Jonas Jensen,GB,1936
141,Greta Espinoza,BR,1980
142,Luca Brooks,IN,1970
143,Wei Brooks,,1920
144,Carla Xu,PL,1932
145,Fatima Ivanov,SE,1974
146,Wei Moreno,BR,1985
147,Luca Rossi,DE,1998
148,Luca Vargas,AU,1963
149,Maya Hassan,BR,1934
150,Alice Quiroga,DE,1973
151,Xiomara Brooks,US,1952
152,Ben Chen,SE,1994
153,Xiomara Tanaka,IT,1953
154,Dania Larsen,FR,1959
155,Zara Rossi,KR,1966
156,Quincy Jensen,BR,1974
157,Zara Vargas,PL,1971
158,Arturo Espinoza,FR,1999
159,Victor Rossi,AU,1943
160,Farid Gupta,PL,1989
161,Tara Ferreira,PL,1994
162,Maya Nakamura,CA,1977
163,Hiro Gupta,AR,1955
164,Luca Alvarez,IN,1932
165,Quincy Xu,PL,1925
166,Arturo Jensen,NL,1998
167,Daniel Ivanov,SE,1931
168,Kiri Chen,DE,1970
169,Greta Brooks,,1951
170,Sven Ferreira,JP,1951
171,Luca Chen,CL,1934
172,Hiro Wagner,SE,1977
173,Victor Ivanov,SE,1942
174,Yusuf Petrov,GB,1947
175,Uma Quiroga,CA,1985
176,Daniel Petrov,FR,1968
177,Dania Okafor,KR,1974
178,Olga Gupta,MX,1953
179,Arturo Quiroga,CA,1965
180,Noah Davidson,BR,1963
181,Victor Brooks,CL,1924
182,Zara Petrov,GB,1982
183,Olga Zhang,MX,1974
184,Fatima Alvarez,BR,1947
185,Hiro Rossi,CL,1945
186,Rosa Ueda,JP,1938
187,Hiro Alvarez,CA,1985
188,Jonas Gupta,AU,1996
189,Carla Davidson,JP,1977
190,Quincy Larsen,NL,1940
191,Kiri Petrov,CL,1928
192,Victor Zhang,AU,1973
193,Carla Silva,GB,1951
194,Luca Larsen,KR,1923
195,Maya Xu,IN,1994
196,Xiomara Nakamura,,1983
197,Bianca Jensen,FR,1986
198,Elena Kowalski,ES,1969
199,Ben Wagner,KR,1995
200,Farid Rossi,NL,1989
201,Luca Jensen,GB,1943
202,Arturo Yamamoto,IT,1966
203,Luca Nakamura,US,1940
204,Noah Zhang,MX,1973
205,Olga Vargas,AR,1951
206,Jonas Alvarez,IN,1983
207,Arturo Ferreira,CL,1939
208,Victor Vargas,GB,1991
209,Eero Yamamoto,IT,1996
210,Hiro Ueda,AU,1999
211,Rosa Chen,IN,1920
212,Alice Espinoza,GB,1955
213,Luca Hassan,,1972
214,Greta Ferreira,SE,1991
215,Victor Ivanov,CA,1987
216,Kiri Chen,JP,1966
217,Eero Jensen,,1926
218,Sven Vargas,BR,1940
219,Alice Tanaka,BR,1952
220,Ines Moreno,CA,1949
221,Wei Alvarez,CL,1965
222,Maya Wagner,AR,1988
223,Kiri Silva,CL,1923
224,Xiomara Chen,,1990
225,Alice Nakamura,BR,1986
226,Fatima Ueda,AR,2000
227,Yusuf Vargas,IN,1996
228,Bianca Larsen,ES,1936
229,Noah Tanaka,AR,1939
230,Farid Moreno,PL,1958
231,Rosa Petrov,ES,1931
232,Pablo Hassan,SE,1921
233,Carla Chen,NL,1947
234,Greta Brooks,NL,1963
235,Eero Ueda,FR,1985
236,Farid Nakamura,PL,1927
237,Uma Kowalski,NL,2000
238,Maya Gupta,,1952
239,Wei Petrov,NL,1936
240,Daniel Vargas,BR,1944
241,Bianca Ueda,CL,1998
242,Dania Hassan,CA,1980
243,Daniel Okafor,IN,1945
244,Victor Kowalski,PL,1951
245,Ines Zhang,CA,1942
246,Kiri Moreno,AU,1985
247,Greta Kowalski,NL,1994
248,Maya Brooks,JP,1931
249,Xiomara Nakamura,FR,1961
250,Greta Ivanov,CA,1953
251,Arturo Ivanov,BR,1958
252,Carla Moreno,IT,1938
253,Dania Jensen,CL,1972
254,Rosa Hassan,CA,1923
255,Farid Brooks,PL,1960
256,Hiro Silva,JP,1926
257,Eero Vargas,AU,1962
258,Bianca Petrov,ES,2000
259,Sven Ferreira,MX,1998
260,Noah Vargas,ES,1939
261,Noah Hassan,NL,1945
262,Cyrus Rossi,ES,1931
263,Luca Alvarez,BR,1978
264,Greta Moreno,,1954
265,Greta Ivanov,NL,1967
266,Yusuf Silva,SE,1939
267,Yusuf Ferreira,IN,1970
268,Bianca Okafor,KR,1931
269,Arturo Tanaka,AU,1947
270,Jonas Alvarez,AU,1934
271,Pablo Hassan,IN,1950
272,Luca Ferreira,IT,1963
273,Luca Alvarez,SE,1992
274,Dania Gupta,IT,1944
275,Greta Davidson,IT,1979
276,Farid Hassan,GB,1951
277,Sven Vargas,PL,1978
278,Luca Hassan,FR,1995
279,Dania Tanaka,IT,1954
280,Quincy Okafor,CA,1983
281,Kiri Gupta,CA,1984
282,Jonas Davidson,PL,1941
283,Pablo Petrov,MX,1952
284,Maya Brooks,,1982
285,Tara Davidson,,1948
286,Wei Yamamoto,CA,1967
287,Xiomara Yamamoto,AU,1953
288,Fatima Silva,IN,1953
289,Hiro Ivanov,PL,1997
290,Olga Yamamoto,DE,1991
291,Tara Alvarez,NL,1959
292,Alice Silva,CA,1957
293,Alice Okafor,AU,1974
294,Sven Yamamoto,GB,1976
295,Ines Gupta,IN,1990
296,Luca Larsen,GB,1965
297,Pablo Espinoza,IT,1934
298,Hiro Tanaka,IN,1968
299,Zara Jensen,PL,1992
300,Zara Ferreira,MX,1957
301,Wei Davidson,CA,1937
302,Noah Gupta,MX,1989
303,Cyrus Xu,SE,1949
304,Jonas Zhang,ES,1937
305,Dania Zhang,US,1996
306,Fatima Tanaka,SE,1949
307,Uma Larsen,SE,1936
308,Wei Hassan,CL,1926
309,Tara Ueda,MX,1923
310,Yusuf Kowalski,IT,1921
311,Yusuf Davidson,ES,1997
312,Luca Vargas,NL,1952
313,Dania Ueda,ES,1984
314,Ines Alvarez,CA,1995
315,Victor Kowalski,IT,1923
316,Ines Xu,MX,1967
317,Xiomara Nakamura,CA,1955
318,Olga Silva,BR,1943
319,Hiro Wagner,PL,1970
320,Elena Yamamoto,BR,1971
321,Ines Xu,MX,1947
322,Sven Rossi,AU,1934
323,Kiri Gupta,,1984
324,Ines Zhang,IN,1960
325,Tara Brooks,ES,1926
326,Victor Silva,SE,1993
327,Ines Kowalski,DE,1973
328,Hiro Zhang,IT,1976
329,Xiomara Espinoza,CA,1937
330,Cyrus Moreno,US,1942
331,Jonas Espinoza,BR,1955
332,Tara Wagner,SE,1963
333,Kiri Chen,NL,1971
334,Olga Okafor,CL,1930
335,Olga Alvarez,MX,1952
336,Uma Moreno,SE,1921
337,Olga Petrov,IN,1992
338,Jonas Wagner,,1979
339,Zara Vargas,CL,1962
340,Luca Tanaka,US,1920
341,Maya Yamamoto,GB,1962
342,Yusuf Vargas,GB,1931
343,Rosa Espinoza,KR,1946
344,Alice Kowalski,AU,1999
345,Bianca Alvarez,AU,1949
346,Victor Xu,US,1971
347,Quincy Yamamoto,FR,1924
348,Zara Wagner,PL,1980
349,Fatima Hassan,ES,1982
350,Ines Silva,BR,1945
351,Quincy Hassan,DE,1967
352,Pablo Ueda,CA,1976
353,Ines Kowalski,SE,1946
354,Arturo Brooks,CA,1943
355,Noah Kowalski,FR,2000
356,Olga Tanaka,IN,1933
357,Yusuf Ivanov,DE,1960
358,Ines Rossi,AU,1960
359,Yusuf Vargas,NL,1965
360,Carla Vargas,SE,1946
361,Daniel Hassan,IN,1943
362,Fatima Xu,CA,1969
363,Ines Alvarez,IN,1981
364,Daniel Kowalski,BR,1997
365,Fatima Quiroga,PL,1942
366,Carla Okafor,DE,1971
367,Wei Yamamoto,NL,1951
368,Daniel Gupta,IT,1989
369,Greta Larsen,MX,1971
370,Kiri Moreno,SE,1987
371,Yusuf Vargas,IT,1994
372,Carla Yamamoto,FR,1984
373,Farid Rossi,IN,1945
374,Uma Silva,KR,1993
375,Cyrus Okafor,DE,1940
376,Carla Nakamura,CL,1934
377,Cyrus Quiroga,IT,1987
378,Rosa Alvarez,NL,1995
379,Eero Espinoza,MX,1922
380,Cyrus Okafor,JP,1972
381,Yusuf Okafor,NL,1964
382,Alice Xu,GB,1977
383,Xiomara Tanaka,,1991
384,Uma Moreno,DE,1986
385,Greta Gupta,SE,1972
386,Tara Yamamoto,MX,1997
387,Sven Wagner,,1921
388,Jonas Xu,KR,1934
389,Cyrus Espinoza,DE,1968
390,Victor Zhang,NL,1926
391,Victor Wagner,AU,1923
392,Ines Ferreira,US,1973
393,Ines Petrov,JP,1955
394,Elena Quiroga,CL,1975
395,Quincy Rossi,AU,1969
396,Dania Brooks,ES,1953
397,Eero Larsen,JP,1926
398,Elena Espinoza,BR,1946
399,Maya Brooks,AU,1971
400,Daniel Rossi,NL,1942
401,Kiri Okafor,KR,1995
402,Zara Silva,CL,1973
403,Carla Petrov,CA,1983
404,Quincy Larsen,GB,1939
405,Rosa Espinoza,,1950
406,Carla Vargas,MX,1934
407,Elena Rossi,AU,1953
408,Carla Zhang,AR,1940
409,Tara Rossi,CA,1940
410,Xiomara Ueda,KR,1972
411,Fatima Okafor,AU,1981
412,Farid Espinoza,FR,1998
413,Zara Ueda,CA,1987
414,Zara Petrov,JP,1923
415,Farid Zhang,IT,1966
416,Ben Xu,DE,1997
417,Carla Espinoza,AU,1963
418,Pablo Jensen,DE,1972
419,Cyrus Gupta,JP,1958
420,Luca Davidson,FR,1954
421,Maya Brooks,AU,1966
422,Daniel Petrov,,1993
423,Alice Rossi,DE,1987
424,Farid Ivanov,CL,1950
425,Fatima Quiroga,ES,1924
426,Pablo Brooks,CL,1952
427,Kiri Zhang,CL,1988
428,Eero Quiroga,AR,1929
429,Greta Gupta,GB,1965
430,Carla Davidson,CL,1957
431,Quincy Alvarez,FR,2000
432,Daniel Jensen,KR,1976
433,Ines Davidson,PL,1983
434,Uma Zhang,JP,1947
435,Sven Okafor,AU,1976
436,Hiro Ivanov,FR,1968
437,Fatima Quiroga,AR,1977
438,Ines Moreno,DE,1998
439,Luca Moreno,JP,1933
440,Xiomara Okafor,AR,1952
441,Luca Jensen,IT,1968
442,Luca Chen,FR,1921
443,Kiri Yamamoto,US,1976
444,Dania Okafor,AR,1956
445,Maya Larsen,BR,1983
446,Tara Nakamura,IN,1946
447,Wei Nakamura,KR,1935
448,Bianca Larsen,,1975
449,Fatima Gupta,SE,1926
450,Alice Jensen,BR,1976
451,Dania Nakamura,ES,1924
452,Tara Wagner,SE,1978
453,Luca Rossi,KR,1922
454,Jonas Yamamoto,AR,1940
455,Zara Chen,MX,1920
456,Cyrus Xu,AR,1968
457,Jonas Ferreira,NL,1922
458,Xiomara Gupta,DE,1957
459,Elena Okafor,KR,1996
460,Rosa Espinoza,SE,1988
461,Fatima Ivanov,IT,1974
462,Tara Wagner,IN,1975
463,Bianca Vargas,CL,1921
464,Victor Zhang,DE,1936
465,Kiri Ferreira,IT,1967
466,Yusuf Yamamoto,NL,1928
467,Carla Gupta,ES,1952
468,Rosa Ivanov,IN,1978
469,Farid Moreno,NL,1957
470,Xiomara Vargas,SE,1954
471,Cyrus Xu,JP,1956
472,Uma Gupta,IN,1922
473,Eero Yamamoto,KR,1986
474,Ines Zhang,SE,1955
475,Elena Larsen,SE,1921
476,Pablo Quiroga,GB,1967
477,Victor Zhang,NL,1921
478,Xiomara Vargas,NL,1959
479,Wei Espinoza,CA,1996
480,Olga Quiroga,DE,1995
481,Rosa Okafor,GB,1975
482,Yusuf Espinoza,DE,1925
483,Noah Okafor,GB,1970
484,Uma Petrov,AR,1945
485,Dania Davidson,GB,1957
486,Dania Kowalski,,1943
487,Zara Vargas,FR,1997
488,Jonas Petrov,IT,1926
489,Ines Hassan,PL,1992
490,Luca Brooks,BR,1980
491,Wei Wagner,NL,1964
492,Elena Tanaka,KR,1990
493,Olga Gupta,IT,1929
494,Elena Chen,DE,1927
495,Eero Moreno,AR,1982
496,Ines Brooks,DE,1988
497,Rosa Rossi,FR,1922
498,Daniel Ivanov,IN,1943
499,Fatima Davidson,ES,1975
500,Farid Zhang,FR,1961
501,Zara Larsen,JP,1942
502,Uma Tanaka,JP,1989
503,Quincy Espinoza,BR,1999
504,Luca Chen,GB,1932
505,Rosa Wagner,ES,1934
506,Cyrus Chen,GB,1950
507,Uma Quiroga,BR,1969
508,Dania Brooks,CA,1993
509,Kiri Wagner,CL,1998
510,Hiro Rossi,KR,1993
511,Zara Petrov,CL,2000
512,Yusuf Zhang,IT,1926
513,Arturo Ueda,PL,1968
514,Alice Wagner,IN,1959
515,Bianca Petrov,GB,1927
516,Maya Xu,CA,1949
517,Fatima Quiroga,BR,1949
518,Hiro Espinoza,AR,1945
519,Noah Davidson,KR,1939
520,Wei Alvarez,KR,1969
521,Olga Chen,ES,1971
522,Victor Ferreira,US,1923
523,Zara Brooks,AR,1985
524,Victor Gupta,JP,1994
525,Victor Okafor,CL,1976
526,Tara Wagner,AU,1937
527,Carla Ivanov,KR,1948
528,Greta Ivanov,MX,1952
529,Yusuf Kowalski,DE,1921
530,Quincy Hassan,US,1984
531,Xiomara Xu,CA,1974
532,Daniel Jensen,IN,1964
533,Ines Brooks,NL,1972
534,Wei Alvarez,IN,1977
535,Ben Espinoza,FR,1936
536,Daniel Moreno,ES,1940
537,Greta Larsen,FR,1933
538,Alice Wagner,CL,1964
539,Tara Petrov,US,1997
540,Wei Moreno,FR,1992
541,Arturo Zhang,MX,1991
542,Kiri Hassan,AU,1947
543,Farid Jensen,AR,1951
544,Daniel Alvarez,,1998
545,Sven Yamamoto,IT,1923
546,Olga Xu,US,1938
547,Tara Silva,MX,1932
548,Pablo Larsen,IT,1939
549,Rosa Rossi,NL,1923
550,Noah Alvarez,NL,1945
551,Maya Jensen,,1962
552,Dania Gupta,SE,1921
553,Ben Chen,CA,1921
554,Yusuf Hassan,US,1950
555,Daniel Silva,NL,1941
556,Tara Ueda,ES,1960
557,Sven Moreno,IT,1978
558,Zara Kowalski,PL,1981
559,Jonas Nakamura,JP,1985
560,Victor Chen,CL,1923
561,Luca Yamamoto,SE,1998
562,Yusuf Ferreira,BR,1958
563,Greta Zhang,KR,1938
564,Ines Kowalski,US,1990
565,Arturo Zhang,IN,1970
566,Luca Vargas,CA,1954
567,Daniel Xu,PL,1981
568,Farid Tanaka,CA,1958
569,Dania Okafor,MX,1998
570,Ines Yamamoto,CA,1925
571,Kiri Rossi,SE,1939
572,Tara Nakamura,MX,1950
573,Quincy Ivanov,CA,1950
574,Carla Silva,IN,1921
575,Farid Ueda,ES,1932
576,Arturo Espinoza,AR,1973
577,Maya Ivanov,CL,1933
578,Noah Okafor,BR,1969
579,Xiomara Quiroga,SE,1951
580,Jonas Davidson,FR,1966
581,Arturo Ivanov,ES,1935
582,Zara Okafor,JP,1971
583,Rosa Ueda,US,1974
584,Farid Moreno,JP,1944
585,Eero Silva,ES,1931
586,Greta Petrov,FR,1932
587,Pablo Espinoza,KR,1982
588,Rosa Chen,JP,1976
589,Farid Davidson,CL,1922
590,Ines Brooks,IT,1933
591,Yusuf Xu,GB,1959
592,Rosa Quiroga,IN,1962
593,Kiri Alvarez,FR,1967
594,Maya Espinoza,SE,1964
595,Jonas Quiroga,US,1996
596,Xiomara Silva,IN,1964
597,Quincy Quiroga,IN,1931
598,Jonas Espinoza,US,1957
599,Zara Espinoza,US,1957
600,Arturo Xu,JP,1957
601,Kiri Chen,GB,1970
602,Wei Rossi,AR,1969
603,Pablo Larsen,US,1923
604,Bianca Kowalski,ES,1950
605,Yusuf Ferreira,CL,1958
606,Pablo Jensen,KR,1999
607,Ben Hassan,US,1986
608,Pablo Vargas,FR,1959
609,Yusuf Larsen,MX,1970
610,Fatima Jensen,IN,1988
611,Eero Silva,AR,1922
612,Quincy Xu,IT,1954
613,Ines Kowalski,BR,1956
614,Farid Hassan,CA,1982
615,Kiri Ivanov,,1967
616,Olga Espinoza,AU,1927
617,Jonas Ivanov,CL,1986
618,Tara Petrov,CA,1984
619,Zara Quiroga,US,1921
620,Uma Vargas,PL,1928
621,Elena Chen,US,1987
622,Pablo Gupta,DE,1990
623,Eero Tanaka,DE,1995
624,Dania Jensen,BR,1988
625,Uma Xu,PL,1977
626,Rosa Chen,MX,1921
627,Tara Chen,IT,1988
628,Quincy Brooks,SE,1960
629,Eero Brooks,IT,1935
630,Rosa Petrov,KR,1982
631,Zara Ferreira,MX,1986
632,Jonas Yamamoto,US,1995
633,Sven Rossi,FR,1950
634,Dania Ivanov,ES,1933
635,Sven Quiroga,AU,1978
636,Elena Jensen,CA,1970
637,Victor Hassan,FR,1965
638,Dania Moreno,AR,1956
639,Noah Tanaka,AU,1947
640,Eero Zhang,IN,1962
641,Arturo Nakamura,,1967
642,Olga Kowalski,IT,1946
643,Carla Silva,MX,1929
644,Arturo Gupta,CL,1981
645,Tara Moreno,CL,1957
646,Ben Xu,US,1985
647,Eero Hassan,KR,1929
648,Ben Larsen,IN,1981
649,Greta Nakamura,IN,1985
650,Elena Ivanov,GB,1939
651,Bianca Silva,DE,1948
652,Eero Okafor,US,1921
653,Luca Ivanov,KR,1962
654,Hiro Tanaka,SE,1933
655,Bianca Nakamura,,1934
656,Ben Okafor,AR,1939
657,Victor Tanaka,US,1965
658,Greta Jensen,AU,1993
659,Ben Gupta,AR,1940
660,Eero Tanaka,JP,1947
661,Alice Yamamoto,SE,1994
662,Quincy Hassan,KR,1992
663,Arturo Moreno,AU,1949
664,Cyrus Hassan,BR,1985
665,Cyrus Tanaka,GB,1958
666,Hiro Kowalski,IT,1938
667,Pablo Chen,NL,1969
668,Daniel Espinoza,FR,1983
669,Xiomara Kowalski,KR,1970
670,Greta Wagner,DE,1951
671,Arturo Jensen,ES,1990
672,Elena Wagner,AR,1928
673,Sven Hassan,KR,1943
674,Jonas Jensen,GB,1983
675,Jonas Ueda,DE,1949
676,Eero Espinoza,KR,1967
677,Rosa Nakamura,MX,1965
678,Xiomara Zhang,,1936
679,Uma Tanaka,,1965
680,Dania Ivanov,AR,1927
681,Noah Larsen,CL,1974
682,Ben Jensen,KR,1978
683,Ben Brooks,SE,1959
684,Alice Gupta,GB,1924
685,Wei Xu,PL,1996
686,Kiri Chen,US,1932
687,Quincy Hassan,KR,1957
688,Wei Ferreira,GB,1961
689,Dania Ferreira,PL,1977
690,Daniel Hassan,JP,1996
691,Hiro Petrov,DE,1960
692,Jonas Alvarez,SE,1929
693,Noah Quiroga,ES,1945
694,Rosa Tanaka,FR,1970
695,Hiro Brooks,,1938
696,Maya Jensen,,1948
697,Wei Hassan,,1996
698,Bianca Silva,AU,1943
699,Ines Chen,IT,1939
700,Farid Alvarez,KR,1945
701,Carla Brooks,AU,1930
702,Greta Kowalski,CL,1983
703,Cyrus Espinoza,MX,1969
704,Victor Tanaka,PL,1956
705,Olga Larsen,ES,1993
706,Wei Alvarez,IN,1956
707,Wei Petrov,NL,1935
708,Hiro Chen,FR,1947
709,Fatima Davidson,GB,1997
710,Zara Vargas,DE,1988
711,Daniel Alvarez,US,1952
712,Maya Kowalski,US,1923
713,Zara Larsen,NL,1954
714,Sven Chen,CL,1978
715,Elena Quiroga,IN,1997
716,Wei Xu,IN,1964
717,Jonas Tanaka,AR,1986
718,Arturo Ueda,PL,1965
719,Maya Espinoza,DE,1947
720,Ben Larsen,SE,1936
721,Pablo Davidson,BR,1954
722,Farid Chen,,1920
723,Xiomara Quiroga,IN,1955
724,Yusuf Brooks,NL,1928
725,Noah Kowalski,DE,1937
726,Quincy Xu,GB,1962
727,Daniel Kowalski,PL,1929
728,Maya Petrov,PL,1943
729,Tara Hassan,AR,1937
730,Sven Quiroga,FR,1963
731,Cyrus Ferreira,SE,1968
732,Tara Kowalski,,1964
733,Dania Tanaka,FR,1990
734,Elena Yamamoto,NL,1971
735,Yusuf Davidson,CL,1983
736,Greta Vargas,IT,1946
737,Hiro Gupta,DE,1966
738,Luca Hassan,ES,1965
739,Wei Kowalski,SE,1923
740,Yusuf Chen,,1953
741,Wei Jensen,CL,1949
742,Xiomara Wagner,DE,1967
743,Alice Okafor,DE,1996
744,Maya Tanaka,GB,1970
745,Victor Alvarez,BR,1967
746,Alice Wagner,JP,1942
747,Greta Tanaka,IN,1976
748,Pablo Ivanov,NL,1969
749,Xiomara Zhang,PL,1934
750,Ines Brooks,SE,1966
751,Tara Davidson,CA,1946
752,Hiro Rossi,GB,1922
753,Fatima Hassan,BR,1993
754,Luca Xu,US,1952
755,Fatima Okafor,NL,1932
756,Kiri Gupta,IT,1964
757,Dania Ferreira,ES,1921
758,Kiri Davidson,CL,1946
759,Cyrus Ivanov,PL,1972
760,Alice Tanaka,CA,1936
761,Cyrus Hassan,IT,1980
762,Zara Wagner,IT,1935
763,Fatima Okafor,PL,1959
764,Ben Davidson,CA,1990
765,Quincy Ivanov,KR,1995
766,Rosa Okafor,BR,1943
767,Sven Wagner,NL,1934
768,Sven Nakamura,FR,1937
769,Tara Hassan,US,1951
770,Wei Ivanov,BR,1947
771,Cyrus Davidson,US,1962
772,Rosa Davidson,IT,1955
773,Uma Alvarez,AU,1967
774,Cyrus Davidson,SE,1948
775,Cyrus Ferreira,ES,1925
776,Xiomara Petrov,MX,1960
777,Fatima Wagner,AU,1969
778,Rosa Quiroga,MX,1976
779,Tara Okafor,SE,1983
780,Pablo Davidson,PL,1940
781,Jonas Hassan,GB,1993
782,Noah Petrov,IT,1989
783,Greta Zhang,US,1940
784,Yusuf Brooks,DE,1974
785,Maya Espinoza,KR,1995
786,Elena Chen,PL,1935
787,Carla Ueda,IT,1954
788,Elena Espinoza,PL,1942
789,Bianca Alvarez,AR,1968
790,Noah Rossi,JP,1965
791,Arturo Yamamoto,IN,1969
792,Pablo Alvarez,AR,1969
793,Rosa Davidson,PL,1977
794,Xiomara Davidson,US,1975
795,Yusuf Davidson,US,1943
796,Hiro Wagner,MX,1989
797,Bianca Silva,BR,1980
798,Daniel Yamamoto,ES,1970
799,Quincy Nakamura,NL,1980
800,Luca Xu,CL,1951
801,Alice Ivanov,,1985
802,Wei Moreno,IN,1983
803,Victor Vargas,JP,1959
804,Uma Espinoza,AR,1973
805,Noah Ivanov,KR,1943
806,Carla Xu,MX,1948
807,Daniel Moreno,BR,1927
808,Luca Larsen,US,1967
809,Eero Larsen,US,1935
810,Olga Silva,NL,1950
811,Zara Alvarez,GB,1973
812,Dania Quiroga,AU,1925
813,Yusuf Silva,JP,1953
814,Quincy Okafor,JP,1926
815,Cyrus Ueda,BR,1964
816,Luca Ferreira,,1990
817,Pablo Jensen,DE,1920
818,Yusuf Alvarez,CL,1987
819,Alice Vargas,AU,1924
820,Yusuf Brooks,NL,1925
821,Pablo Petrov,DE,1927
822,Fatima Vargas,BR,1969
823,Maya Espinoza,BR,1997
824,Xiomara Hassan,US,1971
825,Pablo Yamamoto,PL,1947
826,Fatima Moreno,ES,1930
827,Xiomara Petrov,KR,1993
828,Jonas Gupta,MX,1941
829,Alice Silva,MX,1960
830,Dania Hassan,IN,1948
831,Luca Espinoza,SE,1964
832,Wei Wagner,CA,1959
833,Bianca Rossi,IN,1971
834,Daniel Vargas,SE,1988
835,Dania Zhang,NL,1978
836,Tara Silva,AR,1952
837,Cyrus Alvarez,CL,1969
838,Uma Espinoza,FR,1946
839,Carla Xu,GB,1993
840,Eero Ueda,IT,1999
841,Hiro Tanaka,GB,1963
842,Luca Espinoza,FR,1961
843,Victor Moreno,ES,1934
844,Maya Jensen,IT,1933
845,Tara Ivanov,US,1972
846,Maya Petrov,DE,1999
847,Wei Okafor,ES,2000
848,Greta Ferreira,JP,1947
849,Wei Rossi,CL,1971
850,Tara Nakamura,JP,1922
851,Sven Rossi,FR,1955
852,Carla Zhang,KR,1988
853,Zara Moreno,MX,1968
854,Elena Zhang,SE,1921
855,Wei Tanaka,IT,1945
856,Olga Hassan,MX,1979
857,Victor Brooks,GB,1974
858,Olga Brooks,SE,1958
859,Bianca Ferreira,KR,1945
860,Zara Chen,IN,1925
861,Greta Tanaka,ES,1985
862,Eero Davidson,BR,1922
863,Cyrus Jensen,CL,1941
864,Xiomara Hassan,ES,1987
865,Alice Silva,US,1927
866,Eero Gupta,IN,1960
867,Ben Wagner,DE,1950
868,Pablo Vargas,CA,1952
869,Zara Petrov,,1992
870,Ines Chen,JP,1955
871,Tara Vargas,DE,1997
872,Maya Espinoza,IT,1974
873,Pablo Wagner,KR,1929
874,Olga Ueda,FR,1977
875,Tara Moreno,KR,1923
876,Uma Ferreira,ES,1928
877,Uma Ferreira,IN,1957
878,Alice Alvarez,,1962
879,Eero Rossi,CA,1936
880,Daniel Silva,CA,1989
881,Arturo Chen,NL,1957
882,Rosa Larsen,PL,1979
883,Elena Chen,IT,1931
884,Dania Tanaka,MX,1920
885,Greta Ferreira,NL,1943
886,Daniel Chen,KR,1984
887,Jonas Tanaka,JP,1974
888,Bianca Silva,,1982
889,Farid Okafor,GB,1975
890,Jonas Yamamoto,NL,1947
891,Farid Ueda,SE,1933
892,Pablo Okafor,CA,1936
893,Carla Alvarez,KR,1999
894,Wei Chen,SE,1991
895,Zara Xu,KR,1953
896,Yusuf Gupta,IN,1986
897,Sven Chen,MX,1967
898,Uma Nakamura,AR,1969
899,Luca Davidson,BR,1920
900,Rosa Davidson,DE,1981
901,Kiri Wagner,PL,1994
902,Alice Ferreira,DE,1967
903,Fatima Rossi,SE,1928
904,Greta Larsen,PL,1938
905,Farid Brooks,CL,1952
906,Luca Quiroga,US,1974
907,Elena Rossi,AR,1961
908,Ines Jensen,,1978
909,Fatima Kowalski,JP,1993
910,Olga Quiroga,KR,1968
911,Fatima Xu,CA,1937
912,Luca Espinoza,KR,1923
913,Bianca Espinoza,KR,1969
914,Pablo Quiroga,US,1943
915,Hiro Brooks,MX,1948
916,Sven Petrov,IT,1950
917,Hiro Quiroga,PL,1935
918,Jonas Gupta,CA,1986
919,Hiro Xu,,1945
920,Victor Davidson,KR,1966
921,Carla Larsen,CA,1969
922,Dania Brooks,FR,1984
923,Fatima Ueda,,1980
924,Uma Gupta,CL,1971
925,Farid Quiroga,,1967
926,Bianca Xu,KR,1942
927,Xiomara Moreno,JP,1965
928,Farid Larsen,MX,1984
929,Alice Tanaka,,1993
930,Elena Zhang,ES,1999
931,Xiomara Ueda,AU,1963
932,Uma Chen,DE,1998
933,Elena Zhang,DE,1929
934,Yusuf Vargas,DE,1921
935,Zara Silva,US,1931
936,Dania Ueda,AR,1977
937,Wei Brooks,ES,1990
938,Wei Yamamoto,AR,1924
939,Wei Gupta,IT,1948
940,Kiri Xu,PL,1977
941,Daniel Brooks,MX,1920
942,Alice Tanaka,DE,1963
943,Quincy Larsen,PL,1980
944,Greta Davidson,CA,1954
945,Yusuf Yamamoto,FR,1969
946,Wei Wagner,FR,1973
947,Carla Alvarez,AU,1992
948,Carla Vargas,US,1970
949,Zara Petrov,ES,1981
950,Pablo Wagner,FR,1922
951,Arturo Wagner,DE,1939
952,Alice Zhang,IN,1948
953,Fatima Jensen,US,1979
954,Fatima Silva,DE,1941
955,Dania Brooks,BR,1941
956,Ines Zhang,AU,1984
957,Olga Quiroga,IT,1940
958,Wei Ivanov,,1942
959,Ines Espinoza,KR,1932
960,Arturo Ueda,US,1965
961,Pablo Gupta,AU,1969
962,Eero Nakamura,NL,1982
963,Dania Ivanov,DE,1946
964,Tara Rossi,NL,1950
965,Carla Larsen,BR,1974
966,Pablo Okafor,,1993
967,Kiri Gupta,US,1962
968,Rosa Moreno,,1968
969,Zara Nakamura,IN,1948
970,Dania Okafor,PL,1970
971,Xiomara Kowalski,NL,1991
972,Greta Petrov,ES,1992
973,Elena Ferreira,DE,1975
974,Arturo Moreno,ES,1931
975,Greta Ivanov,IT,1926
976,Hiro Ueda,US,1997
977,Noah Larsen,ES,1971
978,Alice Zhang,AR,1993
979,Daniel Davidson,MX,1954
980,Kiri Yamamoto,FR,1991
981,Tara Silva,DE,1955
982,Fatima Wagner,NL,1943
983,Quincy Quiroga,BR,1976
984,Elena Vargas,US,1957
985,Carla Zhang,BR,1976
986,Carla Wagner,JP,1982
987,Alice Espinoza,CL,1977
988,Noah Wagner,MX,1980
989,Xiomara Ferreira,GB,1995
990,Noah Quiroga,FR,1986
991,Elena Jensen,GB,1988
992,Pablo Gupta,US,1922
993,Kiri Quiroga,IN,1999
994,Carla Chen,MX,1947
995,Tara Larsen,CA,1957
996,Ben Vargas,SE,1994
997,Sven Tanaka,CL,1933
998,Alice Petrov,FR,1926
999,Zara Brooks,SE,1994
1000,Kiri Zhang,PL,1941
1001,Pablo Yamamoto,IN,1980
1002,Dania Gupta,AU,1960
1003,Xiomara Gupta,KR,1932
1004,Hiro Okafor,KR,1935
1005,Sven Xu,GB,1994
1006,Daniel Yamamoto,US,1958
1007,Alice Vargas,PL,1990
1008,Elena Hassan,IN,1923
1009,Luca Espinoza,BR,1995
1010,Uma Yamamoto,FR,1994
1011,Yusuf Espinoza,CL,1988
1012,Luca Xu,AR,1964
1013,Eero Petrov,US,1989
1014,Alice Silva,KR,1927
1015,Wei Moreno,KR,1941
1016,Jonas Moreno,GB,1968
1017,Luca Okafor,AR,1952
1018,Elena Kowalski,CL,1976
1019,Eero Hassan,NL,1953
1020,Kiri Larsen,CL,1991
1021,Noah Ivanov,ES,1970
1022,Rosa Okafor,,1948
1023,Kiri Larsen,ES,1978
1024,Yusuf Espinoza,IT,1987
1025,Fatima Nakamura,KR,1997
1026,Olga Hassan,FR,1926
1027,Cyrus Okafor,CL,1992
1028,Kiri Jensen,SE,1998
1029,Xiomara Xu,SE,1972
1030,Cyrus Espinoza,PL,1942
1031,Alice Wagner,IN,1984
1032,Kiri Wagner,GB,1994
1033,Jonas Alvarez,BR,1923
1034,Zara Alvarez,BR,1990
1035,Alice Ferreira,GB,1998
1036,Kiri Davidson,GB,1979
1037,Farid Xu,KR,1980
1038,Ines Rossi,AR,1998
1039,Dania Zhang,IN,1996
1040,Olga Rossi,GB,1961
1041,Victor Larsen,FR,1966
1042,Uma Gupta,AU,1951
1043,Fatima Kowalski,BR,1942
1044,Sven Vargas,PL,1946
1045,Luca Alvarez,KR,1964
1046,Zara Gupta,,1951
1047,Jonas Davidson,AU,1945
1048,Olga Rossi,ES,1931
1049,Noah Davidson,PL,1979
1050,Dania Yamamoto,CA,1964
1051,Hiro Espinoza,,1977
1052,Kiri Larsen,ES,1924
1053,Eero Tanaka,US,1950
1054,Olga Jensen,US,1995
1055,Yusuf Espinoza,AU,1938
1056,Arturo Wagner,US,1936
1057,Rosa Larsen,KR,1948
1058,Rosa Ueda,GB,1971
1059,Elena Rossi,JP,1926
1060,Maya Espinoza,JP,1976
1061,Fatima Jensen,PL,1942
1062,Olga Wagner,DE,1969
1063,Elena Alvarez,GB,1927
1064,Hiro Yamamoto,PL,1999
1065,Greta Rossi,NL,1994
1066,Greta Tanaka,CA,1975
1067,Farid Alvarez,AU,1991
1068,Eero Espinoza,CA,1969
1069,Pablo Gupta,FR,1926
1070,Farid Ferreira,DE,1973
1071,Rosa Jensen,CL,1988
1072,Daniel Chen,US,1937
1073,Arturo Okafor,AR,1954
1074,Zara Moreno,CL,1939
1075,Ben Ivanov,BR,1972
1076,Eero Brooks,KR,1957
1077,Bianca Alvarez,ES,1983
1078,Noah Xu,KR,1968
1079,Carla Xu,,1958
1080,Jonas Gupta,BR,1960
1081,Dania Petrov,FR,1999
1082,Cyrus Alvarez,IN,1962
1083,Noah Chen,KR,1965
1084,Noah Tanaka,IT,1953
1085,Ben Hassan,AU,1967
1086,Arturo Silva,ES,1943
1087,Bianca Jensen,GB,1926
1088,Farid Yamamoto,BR,1969
1089,Noah Kowalski,NL,1932
1090,Arturo Ferreira,SE,1937
1091,Olga Gupta,,1923
1092,Wei Moreno,SE,2000
1093,Greta Wagner,BR,1995
1094,Rosa Petrov,BR,1938
1095,Ines Quiroga,FR,1989
1096,Arturo Ueda,AU,1924
1097,Wei Quiroga,GB,1970
1098,Bianca Vargas,IN,1933
1099,Jonas Gupta,AU,1962
1100,Alice Nakamura,SE,1977
1101,Zara Brooks,AR,1939
1102,Ines Hassan,IT,1982
1103,Hiro Rossi,US,1924
1104,Ines Hassan,US,1927
1105,Luca Xu,CL,1950
1106,Alice Petrov,BR,1977
1107,Daniel Hassan,CA,1997
1108,Elena Gupta,GB,1978
1109,Olga Kowalski,IT,1986
1110,Olga Petrov,NL,1975
1111,Olga Ivanov,ES,1977
1112,Maya Tanaka,IT,1939
1113,Greta Jensen,MX,1965
1114,Arturo Yamamoto,AR,2000
1115,Daniel Rossi,FR,1955
1116,Victor Gupta,PL,1960
1117,Rosa Larsen,GB,1968
1118,Arturo Ueda,CA,1970
1119,Olga Tanaka,CL,1948
1120,Ines Larsen,KR,1981
1121,Greta Ueda,US,1986
1122,Ines Quiroga,CL,1964
1123,Kiri Ferreira,IN,1976
1124,Dania Espinoza,CA,1977
1125,Luca Xu,BR,1960
1126,Noah Davidson,BR,1950
1127,Alice Ueda,MX,1938
1128,Ines Hassan,CL,2000
1129,Farid Moreno,ES,1940
1130,Ben Okafor,ES,1950
1131,Daniel Quiroga,BR,1985
1132,Tara Ivanov,MX,1927
1133,Alice Larsen,PL,1986
1134,Zara Hassan,IN,1968
1135,Alice Yamamoto,PL,1936
1136,Rosa Nakamura,,1955
1137,Eero Petrov,MX,1980
1138,Uma Ferreira,KR,1940
1139,Daniel Chen,AU,1986
1140,Daniel Moreno,AU,1959
1141,Daniel Chen,BR,1930
1142,Carla Quiroga,CL,1936
1143,Elena Rossi,ES,1987
1144,Xiomara Silva,KR,1931
1145,Wei Rossi,BR,2000
1146,Cyrus Vargas,GB,1963
1147,Carla Espinoza,CL,1998
1148,Hiro Vargas,MX,1944
1149,Olga Quiroga,BR,1972
1150,Maya Ueda,GB,1926
1151,Noah Zhang,CL,1962
1152,Alice Rossi,SE,1975
1153,Cyrus Ivanov,CL,1928
1154,Wei Chen,SE,1969
1155,Greta Chen,AU,1921
1156,Xiomara Espinoza,DE,1965
1157,Dania Vargas,CA,1956
1158,Pablo Petrov,BR,1928
1159,Maya Hassan,AU,1971
1160,Fatima Nakamura,KR,1971
1161,Ben Moreno,JP,1963
1162,Yusuf Larsen,SE,1939
1163,Alice Nakamura,DE,1964
1164,Hiro Gupta,NL,1952
1165,Jonas Davidson,PL,1932
1166,Jonas Wagner,FR,1987
1167,Arturo Ivanov,AU,1928
1168,Dania Ferreira,NL,1927
1169,Ben Jensen,JP,1944
1170,Arturo Moreno,AR,1999
1171,Ben Petrov,US,1941
1172,Quincy Rossi,IN,1966
1173,Daniel Okafor,IT,1926
1174,Daniel Wagner,MX,1946
1175,Luca Ueda,AR,1981
1176,Eero Petrov,US,1941
1177,Xiomara Brooks,BR,1979
1178,Carla Okafor,IN,1977
1179,Quincy Tanaka,US,1986
1180,Zara Zhang,ES,1940
1181,Yusuf Kowalski,NL,1969
1182,Ben Tanaka,AR,1967
1183,Victor Wagner,,1927
1184,Ines Okafor,,1997
1185,Noah Gupta,AR,1927
1186,Bianca Ivanov,PL,1999
1187,Farid Hassan,PL,1946
1188,Victor Jensen,NL,1966
1189,Maya Ueda,DE,1970
1190,Arturo Wagner,SE,1957
1191,Ines Petrov,IT,1949
1192,Xiomara Davidson,US,1977
1193,Carla Zhang,GB,1966
1194,Carla Petrov,IT,1968
1195,Arturo Brooks,IT,1972
1196,Yusuf Larsen,CL,1953
1197,Eero Wagner,FR,1944
1198,Jonas Moreno,JP,1941
1199,Greta Zhang,KR,1970
1200,Greta Ivanov,GB,1972
1201,Wei Zhang,CA,1943
1202,Eero Tanaka,KR,1979
1203,Yusuf Espinoza,IT,1954
1204,Victor Espinoza,BR,1992
1205,Yusuf Yamamoto,JP,1995
1206,Jonas Larsen,PL,1978
1207,Dania Espinoza,AR,1938
1208,Daniel Alvarez,ES,1987
1209,Daniel Ivanov,CL,1972
1210,Hiro Jensen,FR,1937
1211,Elena Davidson,DE,1925
1212,Uma Wagner,KR,1934
1213,Maya Alvarez,US,1935
1214,Wei Okafor,US,1983
1215,Ben Petrov,IN,1954
1216,Wei Tanaka,JP,1959
1217,Luca Davidson,JP,1937
1218,Uma Nakamura,ES,1977
1219,Olga Brooks,,1959
1220,Ines Petrov,KR,1925
1221,Ben Ferreira,BR,1957
1222,Kiri Brooks,KR,1957
1223,Tara Espinoza,KR,1951
1224,Luca Wagner,GB,1964
1225,Greta Zhang,DE,1979
1226,Luca Xu,AU,2000
1227,Maya Zhang,IT,1977
1228,Farid Hassan,PL,1951
1229,Dania Quiroga,CA,1965
1230,Pablo Chen,JP,1933
1231,Uma Kowalski,KR,1935
1232,Dania Ueda,,1980
1233,Elena Wagner,IT,1946
1234,Quincy Quiroga,AU,1950
1235,Uma Vargas,GB,1957
1236,Xiomara Tanaka,PL,1995
1237,Quincy Nakamura,BR,1989
1238,Bianca Silva,NL,1923
1239,Xiomara Silva,NL,1977
1240,Maya Davidson,JP,1932
1241,Victor Alvarez,US,1927
1242,Wei Silva,DE,1999
1243,Daniel Petrov,AU,1971
1244,Zara Kowalski,BR,1950
1245,Pablo Gupta,GB,1995
1246,Noah Nakamura,PL,1938
1247,Kiri Yamamoto,IT,1957
1248,Xiomara Kowalski,AR,1948
1249,Kiri Ferreira,,1998
1250,Carla Espinoza,BR,2000
1251,Greta Kowalski,KR,1940
1252,Sven Jensen,DE,1934
1253,Xiomara Wagner,FR,1941
1254,Pablo Brooks,GB,1957
1255,Yusuf Yamamoto,ES,1926
1256,Luca Quiroga,DE,1981
1257,Greta Hassan,PL,1954
1258,Yusuf Silva,NL,1972
1259,Uma Brooks,IN,1990
1260,Noah Tanaka,AU,1964
1261,Daniel Kowalski,IT,1950
1262,Quincy Gupta,PL,1981
1263,Quincy Larsen,IN,1956
1264,Zara Xu,AR,1934
1265,Greta Kowalski,FR,1987
1266,Cyrus Moreno,AR,1928
1267,Carla Ivanov,KR,1950
1268,Sven Vargas,IT,1995
1269,Yusuf Moreno,AU,1954
1270,Uma Hassan,JP,1940
1271,Cyrus Gupta,DE,1995
1272,Xiomara Ivanov,CL,1960
1273,Carla Silva,ES,1995
1274,Farid Zhang,GB,1940
1275,Yusuf Silva,FR,1957
1276,Xiomara Kowalski,MX,1957
1277,Farid Hassan,AU,1959
1278,Luca Espinoza,CL,1994
1279,Quincy Davidson,SE,1941
1280,Greta Brooks,DE,1993
1281,Dania Moreno,FR,1942
1282,Ben Brooks,PL,1950
1283,Luca Espinoza,AU,1993
1284,Elena Gupta,FR,1941
1285,Ben Nakamura,FR,1953
1286,Victor Xu,ES,1922
1287,Ben Ferreira,FR,1943
1288,Greta Nakamura,AU,1932
1289,Uma Zhang,CL,1932
1290,Yusuf Tanaka,ES,1970
1291,Alice Hassan,ES,1920
1292,Kiri Nakamura,CA,1938
1293,Alice Nakamura,DE,1921
1294,Zara Moreno,BR,2000
1295,Olga Kowalski,SE,1989
1296,Alice Nakamura,DE,1960
1297,Kiri Alvarez,JP,1955
1298,Quincy Brooks,US,1975
1299,Uma Davidson,FR,1990
1300,Carla Vargas,MX,1997
1301,Quincy Espinoza,DE,1969
1302,Cyrus Quiroga,ES,1997
1303,Jonas Nakamura,KR,1951
1304,Victor Wagner,KR,1966
1305,Bianca Ivanov,DE,1948
1306,Quincy Vargas,,1993
1307,Alice Rossi,,1977
1308,Bianca Gupta,MX,1940
1309,Eero Espinoza,KR,1999
1310,Quincy Espinoza,ES,1954
1311,Daniel Gupta,IN,1939
1312,Kiri Larsen,NL,1962
1313,Victor Vargas,PL,1977
1314,Rosa Ueda,CA,1988
1315,Bianca Ferreira,ES,1930
1316,Elena Davidson,MX,1925
1317,Kiri Tanaka,AU,1975
1318,Rosa Tanaka,AR,1921
1319,Jonas Okafor,KR,1969
1320,Fatima Brooks,US,1958
1321,Alice Brooks,AR,1935
1322,Xiomara Quiroga,ES,1921
1323,Xiomara Vargas,ES,1971
1324,Ines Vargas,BR,1949
1325,Kiri Ivanov,,1925
1326,Ines Ferreira,US,1954
1327,Noah Quiroga,IT,1969
1328,Cyrus Silva,,1932
1329,Quincy Wagner,AR,1988
1330,Bianca Vargas,MX,1965
1331,Sven Zhang,IN,1941
1332,Maya Rossi,AR,1934
1333,Rosa Xu,CL,1967
1334,Carla Moreno,JP,1940
1335,Alice Xu,US,1956
1336,Pablo Gupta,KR,1981
1337,Tara Xu,DE,1934
1338,Alice Moreno,US,1997
1339,Greta Alvarez,KR,1937
1340,Kiri Ueda,IT,1939
1341,Kiri Chen,KR,1976
1342,Yusuf Kowalski,DE,1970
1343,Fatima Okafor,US,1997
1344,Sven Ferreira,CL,1938
1345,Tara Vargas,MX,1962
1346,Maya Ueda,KR,1968
1347,Quincy Rossi,,1986
1348,Kiri Xu,IT,1989
1349,Jonas Yamamoto,CA,1925
1350,Sven Jensen,CA,1980
1351,Daniel Alvarez,BR,1929
1352,Xiomara Ferreira,PL,1927
1353,Ben Rossi,IT,1938
1354,Cyrus Brooks,DE,1984
1355,Sven Xu,JP,1955
1356,Xiomara Quiroga,PL,1934
1357,Elena Kowalski,,1968
1358,Arturo Ivanov,IN,1975
1359,Elena Espinoza,FR,1929
1360,Dania Xu,ES,1928
1361,Hiro Moreno,BR,1970
1362,Dania Kowalski,CA,1978
1363,Pablo Zhang,DE,1982
1364,Carla Hassan,AR,1938
1365,Quincy Xu,JP,1931
1366,Noah Gupta,CA,1927
1367,Noah Yamamoto,DE,1924
1368,Xiomara Ueda,ES,1980
1369,Alice Okafor,JP,1964
1370,Fatima Wagner,GB,1948
1371,Hiro Tanaka,GB,1951
1372,Zara Tanaka,GB,1980
1373,Maya Ivanov,JP,1976
1374,Bianca Hassan,KR,2000
1375,Fatima Kowalski,FR,1939
1376,Ben Moreno,US,1939
1377,Olga Larsen,CA,1967
1378,Alice Zhang,PL,1952
1379,Greta Silva,JP,1985
1380,Greta Kowalski,BR,2000
1381,Alice Okafor,IN,1942
1382,Xiomara Kowalski,CL,1989
1383,Luca Espinoza,PL,1925
1384,Pablo Hassan,KR,1928
1385,Wei Wagner,BR,1924
1386,Farid Silva,AU,1977
1387,Eero Kowalski,US,1955
1388,Dania Larsen,BR,1946
1389,Cyrus Quiroga,BR,1980
1390,Olga Brooks,AR,1924
1391,Greta Alvarez,AU,1969
1392,Ben Zhang,MX,1951
1393,Victor Ivanov,US,1999
1394,Bianca Ueda,FR,1995
1395,Wei Ivanov,MX,1935
1396,Eero Yamamoto,GB,1990
1397,Farid Gupta,US,1982
1398,Dania Xu,ES,1995
1399,Kiri Vargas,MX,1931
1400,Farid Jensen,MX,1936
1401,Elena Vargas,US,1985
1402,Zara Zhang,NL,1923
1403,Hiro Xu,CA,1968
1404,Bianca Ueda,DE,1998
1405,Noah Ueda,CA,1999
1406,Tara Brooks,SE,1980
1407,Sven Quiroga,ES,1952
1408,Bianca Moreno,JP,1999
1409,Noah Kowalski,ES,1990
1410,Dania Chen,US,1954
1411,Rosa Davidson,,2000
1412,Greta Ueda,IN,1972
1413,Rosa Quiroga,CA,1980
1414,Luca Quiroga,AU,1973
1415,Kiri Quiroga,BR,1975
1416,Jonas Silva,AR,1958
1417,Hiro Ueda,SE,1961
1418,Hiro Davidson,CA,1956
1419,Tara Brooks,FR,1943
1420,Alice Ueda,FR,1955
1421,Luca Quiroga,ES,1922
1422,Luca Quiroga,FR,2000
1423,Kiri Tanaka,US,1997
1424,Victor Ferreira,CA,1994
1425,Maya Okafor,GB,1930
1426,Fatima Ivanov,DE,1920
1427,Kiri Tanaka,FR,1930
1428,Jonas Yamamoto,IT,1966
1429,Xiomara Tanaka,AR,1991
1430,Carla Yamamoto,,1984
1431,Tara Xu,KR,1975
1432,Quincy Gupta,NL,1928
1433,Olga Petrov,BR,1983
1434,Greta Ivanov,US,1923
1435,Hiro Hassan,KR,1985
1436,Daniel Tanaka,DE,1941
1437,Elena Davidson,IN,1957
1438,Wei Alvarez,GB,1932
1439,Eero Davidson,ES,1942
1440,Dania Yamamoto,PL,1984
1441,Carla Davidson,NL,1929
1442,Fatima Tanaka,,1979
1443,Ben Xu,IT,1984
1444,Yusuf Tanaka,JP,1980
1445,Quincy Tanaka,FR,1964
1446,Xiomara Ueda,ES,1932
1447,Farid Hassan,AU,2000
1448,Victor Petrov,CA,1930
1449,Wei Vargas,CL,1943
1450,Carla Ferreira,MX,1977
1451,Noah Rossi,SE,1945
1452,Greta Hassan,ES,1968
1453,Zara Okafor,AU,1961
1454,Alice Larsen,DE,1990
1455,Bianca Alvarez,MX,1935
1456,Yusuf Larsen,JP,1978
1457,Zara Nakamura,DE,1963
1458,Wei Hassan,BR,1937
1459,Noah Quiroga,SE,1969
1460,Zara Okafor,DE,1932
1461,Xiomara Vargas,BR,1950
1462,Yusuf Alvarez,AR,1989
1463,Bianca Jensen,AR,1942
1464,Dania Ivanov,CA,1925
1465,Elena Xu,CL,1978
1466,Dania Hassan,NL,1984
1467,Xiomara Gupta,CL,1984
1468,Kiri Rossi,PL,1996
1469,Uma Hassan,NL,1972
1470,Luca Zhang,AU,1956
1471,Quincy Nakamura,IN,1963
1472,Dania Petrov,KR,1968
1473,Eero Okafor,CA,1993
1474,Alice Davidson,BR,1932
1475,Quincy Yamamoto,DE,1926
1476,Jonas Zhang,IN,1997
1477,Daniel Wagner,SE,1923
1478,Noah Yamamoto,NL,1945
1479,Sven Quiroga,GB,1954
1480,Eero Xu,KR,1986
1481,Quincy Larsen,CA,1955
1482,Daniel Wagner,NL,1938
1483,Bianca Xu,IN,1939
1484,Alice Xu,IT,1949
1485,Greta Quiroga,AR,1980
1486,Fatima Davidson,GB,1980
1487,Pablo Kowalski,AU,1946
1488,Farid Chen,BR,1985
1489,Noah Davidson,AU,2000
1490,Greta Alvarez,ES,1990
1491,Victor Moreno,KR,1948
1492,Fatima Quiroga,US,1972
1493,Quincy Xu,AU,1992
1494,Alice Wagner,KR,2000
1495,Ben Zhang,BR,1966
1496,Quincy Hassan,,1989
1497,Fatima Petrov,PL,1991
1498,Zara Alvarez,KR,1950
1499,Carla Brooks,CL,1972
1500,Cyrus Quiroga,FR,1975
1501,Farid Davidson,AR,1992
1502,Bianca Larsen,IT,1938
1503,Eero Alvarez,DE,1999
1504,Eero Kowalski,SE,1935
1505,Tara Okafor,NL,1946
1506,Carla Rossi,AU,1967
1507,Kiri Nakamura,ES,1974
1508,Bianca Quiroga,AR,1966
1509,Tara Tanaka,ES,1935
1510,Fatima Hassan,GB,1925
1511,Eero Xu,DE,1962
1512,Tara Jensen,ES,1958
1513,Arturo Moreno,NL,1993
1514,Sven Tanaka,KR,1967
1515,Arturo Wagner,,1921
1516,Cyrus Yamamoto,,1950
1517,Greta Hassan,CA,1922
1518,Carla Yamamoto,SE,1924
1519,Olga Tanaka,CL,1963
1520,Greta Zhang,AU,1963
1521,Sven Kowalski,FR,1921
1522,Maya Davidson,PL,1923
1523,Carla Ueda,NL,1972
1524,Rosa Ueda,AU,1988
1525,Hiro Vargas,IN,1983
1526,Arturo Rossi,PL,1956
1527,Alice Brooks,GB,1944
1528,Zara Xu,BR,1999
1529,Kiri Yamamoto,IT,1937
1530,Daniel Zhang,SE,1958
1531,Greta Silva,NL,1936
1532,Cyrus Chen,SE,1981
1533,Carla Moreno,CL,1949
1534,Elena Ueda,,1971
1535,Carla Davidson,JP,1971
1536,Noah Xu,FR,1939
1537,Ines Moreno,ES,1967
1538,Tara Quiroga,US,1998
1539,Daniel Yamamoto,KR,1954
1540,Ben Okafor,PL,1975
1541,Luca Silva,BR,1933
1542,Jonas Gupta,US,1956
1543,Victor Hassan,ES,1926
1544,Hiro Okafor,MX,1988
1545,Hiro Yamamoto,BR,1985
1546,Farid Ueda,AU,1976
1547,Greta Vargas,SE,1942
1548,Greta Alvarez,BR,1941
1549,Fatima Kowalski,PL,1947
1550,Hiro Nakamura,US,1978
1551,Luca Kowalski,US,1962
1552,Jonas Alvarez,KR,1932
1553,Zara Petrov,PL,1922
1554,Luca Xu,ES,1938
1555,Luca Ueda,CA,1992
1556,Daniel Moreno,PL,1973
1557,Luca Nakamura,US,1961
1558,Maya Tanaka,BR,1975
1559,Zara Larsen,BR,1943
1560,Ben Nakamura,AR,1964
1561,Ines Gupta,SE,1931
1562,Daniel Xu,AU,1920
1563,Daniel Ivanov,DE,1981
1564,Victor Ferreira,IT,1951
1565,Pablo Ferreira,NL,1957
1566,Yusuf Rossi,KR,1949
1567,Alice Yamamoto,BR,1940
1568,Maya Nakamura,FR,1980
1569,Eero Quiroga,BR,1958
1570,Victor Nakamura,GB,1923
1571,Alice Kowalski,MX,1948
1572,Rosa Alvarez,,1921
1573,Daniel Okafor,BR,1926
1574,Rosa Quiroga,AU,1971
1575,Dania Jensen,US,1981
1576,Ines Alvarez,BR,1991
1577,Kiri Chen,JP,1934
1578,Pablo Ferreira,DE,1941
1579,Fatima Larsen,US,1994
1580,Fatima Ivanov,ES,1987
1581,Pablo Ivanov,KR,1982
1582,Zara Tanaka,AU,1930
1583,Yusuf Wagner,KR,1955
1584,Xiomara Espinoza,IN,1985
1585,Arturo Vargas,NL,1981
1586,Eero Espinoza,PL,1983
1587,Rosa Ferreira,PL,1950
1588,Ines Silva,,1971
1589,Quincy Ivanov,ES,1920
1590,Kiri Nakamura,PL,1986
1591,Pablo Larsen,BR,1968
1592,Daniel Rossi,AU,1968
1593,Pablo Tanaka,AU,2000
1594,Ines Brooks,MX,1964
1595,Ines Jensen,CA,1928
1596,Dania Brooks,MX,1930
1597,Olga Rossi,SE,1939
1598,Olga Petrov,FR,1956
1599,Kiri Ferreira,BR,1928
1600,Pablo Jensen,IT,1958
1601,Quincy Vargas,PL,1928
1602,Greta Xu,CA,1947
1603,Dania Wagner,FR,1948
1604,Carla Hassan,IT,1945
1605,Alice Ueda,SE,1996
1606,Alice Vargas,CL,1936
1607,Luca Larsen,NL,1968
1608,Greta Silva,CA,1984
1609,Wei Jensen,DE,1954
1610,Farid Rossi,IN,1981
1611,Maya Petrov,DE,1937
1612,Pablo Wagner,MX,1932
1613,Luca Larsen,DE,1980
1614,Arturo Ivanov,NL,1964
1615,Alice Okafor,AU,1978
1616,Pablo Ueda,NL,1942
1617,Farid Zhang,BR,1956
1618,Wei Nakamura,IN,1925
1619,Ines Kowalski,US,1923
1620,Victor Espinoza,BR,1993
1621,Greta Zhang,AR,1953
1622,Cyrus Ivanov,KR,1979
1623,Uma Ivanov,CL,1926
1624,Tara Yamamoto,BR,1985
1625,Xiomara Kowalski,SE,1930
1626,Carla Moreno,ES,1946
1627,Rosa Okafor,DE,1977
1628,Victor Ueda,MX,1949
1629,Greta Okafor,IN,1972
1630,Jonas Ferreira,CA,1942
1631,Carla Larsen,BR,1924
1632,Zara Ferreira,BR,1981
1633,Uma Rossi,IN,1949
1634,Ines Gupta,IT,1990
1635,Rosa Yamamoto,CA,1990
1636,Ben Zhang,NL,1986
1637,Zara Ueda,PL,1942
1638,Quincy Quiroga,JP,1998
1639,Victor Larsen,AU,1992
1640,Fatima Kowalski,IT,1943
1641,Zara Tanaka,DE,1929
1642,Xiomara Rossi,FR,1947
1643,Fatima Chen,MX,1999
1644,Xiomara Gupta,FR,1932
1645,Elena Rossi,DE,1969
1646,Noah Alvarez,US,1977
1647,Hiro Okafor,JP,1964
1648,Uma Okafor,SE,1946
1649,Cyrus Zhang,SE,1976
1650,Cyrus Alvarez,MX,1935
1651,Carla Davidson,IT,1934
1652,Greta Okafor,BR,1976
1653,Farid Gupta,NL,1983
1654,Hiro Davidson,,1993
1655,Victor Nakamura,CL,1958
1656,Jonas Jensen,ES,1967
1657,Luca Quiroga,PL,1936
1658,Rosa Wagner,AR,1927
1659,Yusuf Alvarez,DE,1944
1660,Noah Ueda,CL,1988
1661,Kiri Yamamoto,GB,1960
1662,Carla Espinoza,KR,1964
1663,Zara Wagner,CL,1981
1664,Luca Wagner,AR,1994
1665,Quincy Moreno,SE,1997
1666,Kiri Larsen,FR,1968
1667,Farid Gupta,,1990
1668,Pablo Quiroga,NL,1966
1669,Ines Ferreira,CA,1991
1670,Arturo Gupta,PL,1920
1671,Uma Brooks,,1992
1672,Tara Wagner,AR,1928
1673,Greta Kowalski,CL,1935
1674,Dania Okafor,,1933
1675,Sven Ueda,US,1941
1676,Alice Davidson,US,2000
1677,Xiomara Larsen,JP,1969
1678,Arturo Silva,AR,1965
1679,Elena Gupta,JP,1942
1680,Carla Petrov,PL,1951
1681,Alice Hassan,FR,1980
1682,Cyrus Vargas,CL,1934
1683,Olga Hassan,GB,1958
1684,Bianca Kowalski,BR,1973
1685,Eero Okafor,MX,1967
1686,Eero Moreno,ES,1978
1687,Eero Tanaka,FR,1984
1688,Sven Alvarez,IT,1981
1689,Uma Nakamura,PL,1964
1690,Pablo Jensen,AU,1989
1691,Tara Wagner,KR,1980
1692,Ines Yamamoto,FR,1950
1693,Carla Petrov,BR,1975
1694,Dania Quiroga,PL,1931
1695,Kiri Ferreira,CA,1987
1696,Kiri Yamamoto,AU,1993
1697,Maya Okafor,PL,1976
1698,Cyrus Ueda,KR,1936
1699,Zara Brooks,IT,1986
1700,Noah Hassan,IT,1974
1701,Pablo Okafor,CA,1931
1702,Uma Vargas,,1925
1703,Jonas Chen,KR,1992
1704,Ben Quiroga,AR,1944
1705,Uma Kowalski,ES,1990
1706,Ben Wagner,BR,1938
1707,Quincy Wagner,SE,1960
1708,Uma Gupta,NL,1920
1709,Jonas Yamamoto,,1920
1710,Rosa Xu,US,1983
1711,Ines Gupta,DE,1939
1712,Maya Larsen,KR,1938
1713,Rosa Hassan,IN,1949
1714,Greta Quiroga,GB,1969
1715,Victor Yamamoto,,1975
1716,Jonas Moreno,AR,1960
1717,Daniel Rossi,DE,1948
1718,Greta Espinoza,CL,1967
1719,Carla Jensen,US,1956
1720,Bianca Ueda,ES,1982
1721,Maya Larsen,AR,1998
1722,Tara Kowalski,MX,1993
1723,Dania Tanaka,DE,1934
1724,Uma Chen,CA,1931
1725,Eero Larsen,ES,1925
1726,Wei Moreno,BR,1957
1727,Rosa Yamamoto,IT,1936
1728,Sven Gupta,IN,1941
1729,Ben Moreno,BR,1944
1730,Victor Quiroga,GB,1960
1731,Dania Moreno,KR,1925
1732,Fatima Rossi,IN,1960
1733,Zara Davidson,DE,1927
1734,Victor Wagner,ES,1968
1735,Carla Kowalski,MX,1984
1736,Wei Okafor,IT,1987
1737,Quincy Quiroga,CA,1940
1738,Alice Gupta,IT,1974
1739,Noah Nakamura,IN,1975
1740,Zara Larsen,,1975
1741,Dania Zhang,IT,1987
1742,Luca Gupta,IN,1940
1743,Bianca Xu,NL,1933
1744,Rosa Petrov,DE,1937
1745,Noah Yamamoto,MX,1989
1746,Elena Nakamura,JP,1969
1747,Hiro Ueda,CA,1926
1748,Tara Silva,BR,1928
1749,Quincy Chen,MX,1942
1750,Fatima Yamamoto,BR,1964
1751,Alice Kowalski,GB,1923
1752,Zara Okafor,AR,1971
1753,Uma Yamamoto,IN,1998
1754,Maya Ueda,CL,1961
1755,Farid Tanaka,FR,1969
1756,Fatima Xu,JP,1966
1757,Victor Petrov,,1948
1758,Greta Quiroga,ES,1934
1759,Eero Xu,BR,1965
1760,Yusuf Wagner,KR,1999
1761,Carla Zhang,NL,1997
1762,Victor Nakamura,AR,1933
1763,Bianca Kowalski,DE,1985
1764,Elena Ueda,US,1939
1765,Olga Quiroga,AR,1925
1766,Xiomara Zhang,,1991
1767,Victor Rossi,AU,1930
1768,Maya Zhang,BR,1946
1769,Arturo Gupta,US,1928
1770,Olga Rossi,CL,1979
1771,Greta Ferreira,AU,1963
1772,Fatima Vargas,JP,1966
1773,Jonas Xu,FR,1971
1774,Farid Gupta,AR,1965
1775,Jonas Larsen,GB,1992
1776,Uma Gupta,NL,1928
1777,Victor Vargas,MX,1935
1778,Carla Davidson,,2000
1779,Pablo Kowalski,CL,1945
1780,Kiri Alvarez,SE,1975
1781,Arturo Chen,ES,1989
1782,Xiomara Ueda,BR,1965
1783,Noah Chen,NL,1998
1784,Maya Petrov,US,1995
1785,Maya Gupta,DE,1994
1786,Ines Moreno,FR,1924
1787,Xiomara Gupta,FR,1950
1788,Xiomara Nakamura,FR,1928
1789,Eero Petrov,US,2000
1790,Daniel Hassan,ES,1935
1791,Carla Silva,MX,1935
1792,Pablo Vargas,GB,1988
1793,Victor Brooks,,1985
1794,Luca Xu,SE,1946
1795,Elena Rossi,JP,1971
1796,Olga Moreno,SE,1924
1797,Maya Petrov,MX,1921
1798,Xiomara Ferreira,NL,1942
1799,Elena Silva,CL,1950
1800,Greta Davidson,GB,1929
1801,Wei Gupta,MX,1934
1802,Quincy Hassan,DE,1991
1803,Tara Jensen,GB,1980
1804,Ben Gupta,PL,1931
1805,Quincy Vargas,SE,1975
1806,Victor Davidson,PL,1927
1807,Cyrus Vargas,ES,1990
1808,Farid Ferreira,JP,1971
1809,Jonas Larsen,GB,1945
1810,Arturo Ivanov,SE,1992
1811,Uma Silva,GB,1991
1812,Uma Wagner,BR,1927
1813,Uma Brooks,GB,1932
1814,Pablo Ferreira,PL,1925
1815,Uma Davidson,AU,1932
1816,Jonas Ivanov,NL,1945
1817,Yusuf Davidson,JP,1988
1818,Yusuf Ivanov,IT,1953
1819,Farid Petrov,GB,1959
1820,Ines Alvarez,CA,1947
1821,Cyrus Nakamura,PL,1942
1822,Quincy Vargas,IT,1924
1823,Olga Nakamura,MX,1980
1824,Alice Gupta,SE,1939
1825,Alice Nakamura,CL,1985
1826,Fatima Yamamoto,AR,1932
1827,Sven Vargas,CA,1994
1828,Uma Kowalski,NL,1953
1829,Rosa Petrov,NL,1980
1830,Cyrus Quiroga,IT,1966
1831,Quincy Davidson,AR,1921
1832,Wei Gupta,CL,1975
1833,Fatima Okafor,JP,1972
1834,Bianca Wagner,KR,1963
1835,Carla Petrov,IN,1959
1836,Uma Jensen,KR,1959
1837,Ben Hassan,CL,1937
1838,Xiomara Alvarez,BR,1949
1839,Bianca Moreno,AU,1931
1840,Alice Ueda,DE,1949
1841,Uma Davidson,AU,1950
1842,Farid Moreno,CL,1951
1843,Jonas Davidson,US,1940
1844,Fatima Quiroga,FR,1970
1845,Eero Wagner,JP,1944
1846,Ines Tanaka,,1932
1847,Farid Wagner,IN,1956
1848,Luca Vargas,KR,1986
1849,Hiro Xu,IN,1950
1850,Farid Jensen,MX,1932
1851,Wei Ferreira,NL,1961
1852,Dania Ferreira,US,1937
1853,Greta Rossi,CA,1969
1854,Luca Alvarez,DE,1943
1855,Maya Quiroga,SE,1970
1856,Maya Wagner,AR,1976
1857,Arturo Okafor,JP,1985
1858,Dania Ferreira,GB,1932
1859,Ines Chen,CA,1922
1860,Olga Zhang,NL,1965
1861,Alice Nakamura,ES,1962
1862,Maya Moreno,KR,1923
1863,Carla Okafor,MX,1962
1864,Carla Gupta,SE,1980
1865,Farid Zhang,US,1930
1866,Cyrus Larsen,CA,1987
1867,Kiri Okafor,PL,1938
1868,Uma Wagner,FR,1941
1869,Ines Quiroga,AR,1988
1870,Jonas Zhang,SE,1957
1871,Arturo Larsen,AU,1996
1872,Luca Larsen,KR,1948
1873,Cyrus Petrov,MX,1970
1874,Victor Brooks,NL,1977
1875,Quincy Okafor,IT,1923
1876,Luca Wagner,IN,1964
1877,Olga Chen,KR,1985
1878,Kiri Wagner,BR,1943
1879,Bianca Jensen,AU,1933
1880,Carla Brooks,ES,2000
1881,Olga Ivanov,GB,1968
1882,Ines Xu,KR,1943
1883,Kiri Petrov,AU,1990
1884,Carla Petrov,DE,1985
1885,Farid Jensen,FR,1980
1886,Noah Ueda,PL,1987
1887,Jonas Xu,AR,1942
1888,Elena Brooks,FR,1954
1889,Wei Rossi,NL,1960
1890,Fatima Ivanov,CA,1972
1891,Quincy Ueda,DE,1970
1892,Carla Okafor,FR,1958
1893,Jonas Rossi,BR,1938
1894,Eero Okafor,GB,1951
1895,Eero Rossi,NL,1994
1896,Greta Wagner,,1987
1897,Sven Ferreira,NL,1994
1898,Fatima Nakamura,US,1987
1899,Zara Ivanov,KR,1941
1900,Farid Yamamoto,AU,1978
1901,Victor Rossi,JP,1933
1902,Alice Gupta,MX,1983
1903,Ines Jensen,IN,1921
1904,Rosa Alvarez,KR,1937
1905,Uma Alvarez,AR,1941
1906,Ines Wagner,NL,1938
1907,Noah Yamamoto,PL,1948
1908,Dania Gupta,AU,1943
1909,Hiro Gupta,KR,1982
1910,Maya Okafor,AR,1943
1911,Bianca Brooks,AR,1947
1912,Fatima Alvarez,NL,1959
1913,Quincy Chen,NL,1950
1914,Jonas Petrov,FR,1947
1915,Ben Chen,AR,1970
1916,Ines Yamamoto,AR,2000
1917,Fatima Hassan,BR,1953
1918,Maya Gupta,AU,1931
1919,Dania Brooks,CL,1946
1920,Dania Ferreira,CA,1980
1921,Greta Kowalski,ES,1998
1922,Wei Larsen,CA,1963
1923,Alice Brooks,PL,1998
1924,Cyrus Brooks,MX,1933
1925,Victor Ivanov,DE,1923
1926,Yusuf Silva,AR,1992
1927,Victor Petrov,,1989
1928,Rosa Chen,NL,1929
1929,Ben Vargas,FR,1936
1930,Arturo Hassan,GB,1920
1931,Noah Ferreira,US,1966
1932,Dania Rossi,AR,1993
1933,Kiri Tanaka,IT,1958
1934,Arturo Tanaka,CA,1974
1935,Olga Ueda,SE,1940
1936,Bianca Hassan,IN,1983
1937,Olga Silva,US,1994
1938,Farid Ueda,CL,1988
1939,Bianca Ueda,FR,1982
1940,Eero Xu,IT,1945
1941,Xiomara Davidson,MX,1995
1942,Pablo Brooks,DE,1986
1943,Wei Wagner,BR,1962
1944,Bianca Yamamoto,BR,1973
1945,Zara Ferreira,PL,1925
1946,Yusuf Kowalski,GB,1948
1947,Greta Gupta,IT,1993
1948,Bianca Davidson,FR,1995
1949,Victor Chen,MX,1942
1950,Maya Rossi,SE,1982
1951,Sven Espinoza,MX,1926
1952,Eero Davidson,CA,1981
1953,Zara Rossi,FR,1992
1954,Daniel Tanaka,ES,1928
1955,Zara Espinoza,CA,1924
1956,Farid Petrov,CA,1995
1957,Ines Chen,DE,1980
1958,Daniel Gupta,JP,1953
1959,Arturo Nakamura,ES,1935
1960,Tara Yamamoto,FR,1940
1961,Uma Hassan,BR,1921
1962,Dania Brooks,FR,1935
1963,Pablo Brooks,IT,1956
1964,Cyrus Ferreira,CL,1968
1965,Arturo Zhang,CL,1977
1966,Uma Silva,US,1963
1967,Fatima Hassan,AU,1929
1968,Wei Ferreira,US,1921
1969,Zara Ivanov,BR,1996
1970,Jonas Espinoza,IN,1950
1971,Maya Silva,,1960
1972,Bianca Larsen,IN,1934
1973,Dania Gupta,AU,1988
1974,Sven Rossi,JP,1941
1975,Elena Gupta,MX,1956
1976,Xiomara Ivanov,AR,1983
1977,Luca Espinoza,BR,1980
1978,Noah Tanaka,JP,1987
1979,Quincy Moreno,IN,1981
1980,Luca Yamamoto,IN,1964
1981,Rosa Alvarez,PL,2000
1982,Greta Ferreira,MX,1928
1983,Dania Larsen,MX,1986
1984,Pablo Vargas,IN,1931
1985,Pablo Ivanov,PL,1973
1986,Kiri Ivanov,AU,1987
1987,Uma Xu,FR,1973
1988,Fatima Okafor,IN,1963
1989,Noah Nakamura,BR,1977
1990,Ben Davidson,SE,1926
1991,Wei Brooks,CA,1957
1992,Uma Moreno,IN,1998
1993,Ines Kowalski,CL,1922
1994,Elena Tanaka,IT,1943
1995,Luca Yamamoto,GB,1933
1996,Kiri Tanaka,CL,1928
1997,Bianca Tanaka,AU,1965
1998,Fatima Jensen,GB,1991
1999,Ines Moreno,GB,1964
2000,Rosa Ueda,GB,1993
